País,Provincia,Región/Zona,Localidad/Barrio,Nombre del Emprendimiento,Instagram,Sitio Web / Contacto,Linktr,Google Maps,Telefono,Notas extra,Tipo Principal,Tipos Secundarios,Modalidad,Calidad / Producción,Productos,⚠️ Revisar,Certificaciones / Asociaciones
Argentina,Buenos Aires,Zona Norte,Boulogne,Almacén Nuevo Mundo,https://www.instagram.com/almacennuevomundo/,,,,,,Abastecedor,,Retiro y Entrega,Sin agroquímicos,"Verduras, Frutas, Elaborados",,
Argentina,Buenos Aires,Zona Norte,"Campana, Zarate",Trama Almacen,https://www.instagram.com/trama_almacen/,,,,,,Abastecedor,,Retiro y Entrega,Sin agroquímicos,"Verduras, Frutas, Elaborados",,
Argentina,Buenos Aires,Zona Norte,Del Viso,Medallon Vegetariano,https://www.instagram.com/medallonvegetariano/?hl=es-la,,,,11 3557 5142,,Abastecedor,,Retiro y Entrega,Sin agroquímicos,"Verduras, Frutas, Elaborados, Panificados",,
Argentina,Buenos Aires,Zona Norte,"El Talar, Pacheco",Mas Organicos,https://www.instagram.com/masorganicos/,,,,,,Abastecedor,,Solo Entrega,"Sin agroquímicos, Orgánico","Verduras, Frutas, Elaborados",,
Argentina,Buenos Aires,Zona Norte,"Escobar, Maschwitz",Cooperativa Paraisa,https://www.instagram.com/cope_paraisa/?hl=es-la,https://bit.ly/3vToYWq,,,,,Abastecedor,Productor,Retiro y Entrega,Sin agroquímicos,"Verduras, Frutas",,
Argentina,Buenos Aires,Zona Norte,"Escobar, Maschwitz",Huerta Grande,https://www.instagram.com/huerta.grande/?hl=es-la,,,,1140457369,,Productor,,Retiro y Entrega,"Sin agroquímicos, Agroecológico","Verduras, Frutas",,
Argentina,Buenos Aires,Zona Norte,"Escobar, Maschwitz",Las Garzas,https://www.instagram.com/agroecologialasgarzas/,,,"Chacho Peñaloza 1619, local 2, Maschwitz",,,Productor,,Retiro y Entrega,Sin agroquímicos,"Verduras, Frutas",,
Argentina,Buenos Aires,Zona Norte,"Escobar, Maschwitz",Huerta del Tomate,https://www.instagram.com/deltomate2021/,,,"Mermoz norte 2433, Escobar",,,Productor,,Retiro y Entrega,"Sin agroquímicos, Agroecológico","Verduras, Frutas",,
Argentina,Buenos Aires,Zona Norte,"Escobar, Maschwitz",Agricultura Sanadora - Granja La Cañada,https://www.instagram.com/agricultura.sanadora/?hl=es-la,,,"La Cañada esquina Mermoz, Escobar",,,Productor,,Retiro y Entrega,"Sin agroquímicos, Agroecológico, Sustentable","Verduras, Frutas",,
Argentina,Buenos Aires,Zona Norte,"Fátima, Manzanares, Tortuguitas, Mathew, Pilar, Zelaya",Sentido Común Red,https://www.instagram.com/sentido_comunred/?hl=es-la,,,,,,Abastecedor,,Solo Entrega,Sin agroquímicos,"Verduras, Frutas, Elaborados",,
Argentina,Buenos Aires,Zona Norte,"Exaltación de la Cruz, Cardales, Campana, Zárate, Maswich, Escobar, Pilar, Moreno",Camino Orgánico,https://www.instagram.com/camino.organico/,,,,,,Abastecedor,Productor,Solo Entrega,"Sin agroquímicos, Orgánico","Verduras, Frutas, Elaborados",,
Argentina,Buenos Aires,Zona Norte,Florida,Fronda BIO,https://www.instagram.com/frondabio/?hl=es-la,,,,1533443474,,Abastecedor,,Retiro y Entrega,Sin agroquímicos,"Verduras, Frutas, Elaborados",,
Argentina,Buenos Aires,Zona Norte,Martinez,La Alma Serena,https://www.instagram.com/laalmaserena/,,,,,,Abastecedor,,Retiro y Entrega,Sin agroquímicos,"Elaborados, Verduras",⚠️ Revisar,
Argentina,Buenos Aires,Zona Norte,Martinez,Verde Lino Dietética,https://www.instagram.com/verdelinodietetica/,,,,,,Abastecedor,,Retiro y Entrega,"Sin agroquímicos, Sustentable","Elaborados, Verduras, Frutas",,
Argentina,Buenos Aires,Zona Norte,Martinez,La Choza,https://www.instagram.com/tiendalachoza/,http://lachoza.com.ar/,,,,,Abastecedor,,Retiro y Entrega,Sin agroquímicos,"Verduras, Frutas, Elaborados",,
Argentina,Buenos Aires,Zona Norte,Martinez,Almacen Tierra Negra,https://www.instagram.com/almacentierranegra/?hl=es-la,,,,,,Abastecedor,,Retiro y Entrega,"Sin agroquímicos, Agroecológico","Verduras, Frutas, Elaborados",,
Argentina,Buenos Aires,Zona Norte,Martinez,Huerta a tu Casa,https://www.instagram.com/huerta_atucasa/?hl=es-la,,,,,,Productor,Abastecedor,Solo Entrega,"Sin agroquímicos, Agroecológico","Verduras, Frutas",,
Argentina,Buenos Aires,Zona Norte,Palomar,Almacen Florios,https://www.instagram.com/almacenflorios/,,,,,,Abastecedor,,Retiro y Entrega,Sin agroquímicos,"Verduras, Frutas, Elaborados",,
Argentina,Buenos Aires,Zona Norte,"Olivos, Florida, Martínez, La Lucila",El Nodo de Olga - Mercado Territorial,https://www.instagram.com/el_nodo_de_olga/,,,,,,Abastecedor,,Retiro y Entrega,Sin agroquímicos,"Verduras, Frutas, Elaborados",,
Argentina,Buenos Aires,Zona Norte,Pilar,Chinampas Natural,https://www.instagram.com/chinampasnatural/,,,,11 6272-5449,,Abastecedor,,Retiro y Entrega,"Sin agroquímicos, Sustentable","Verduras, Frutas, Elaborados",,
Argentina,Buenos Aires,Zona Norte,Pilar y Zona Norte,Huerta Madre,https://www.instagram.com/huertamadre/?hl=es-la,,,,,,Productor,Abastecedor,Solo Entrega,"Sin agroquímicos, Agroecológico","Verduras, Frutas",,
Argentina,Buenos Aires,Zona Norte,"Pilar, Benavidez, Villanueva, Nordelta",Genjibre Orgánico,https://www.instagram.com/genjibreorganico/?hl=es-la,,https://linktr.ee/GenjibreOrganico,,,,Abastecedor,Productor,Solo Entrega,"Sin agroquímicos, Orgánico","Verduras, Frutas, Elaborados",,
Argentina,Buenos Aires,Zona Norte,"Pilar, Campana, Zarate",Como Siempre Orgánico,https://www.instagram.com/comosiempreorganico/,,,,,,Abastecedor,Productor,Retiro y Entrega,"Sin agroquímicos, Orgánico","Verduras, Frutas, Elaborados",,
Argentina,Buenos Aires,Zona Norte,"Pilar, Campana, Zarate",Amaranto Cooperativas,https://www.instagram.com/amaranto/,,,,,,Abastecedor,,Retiro y Entrega,Sin agroquímicos,"Verduras, Frutas, Elaborados",,
Argentina,Buenos Aires,Zona Norte,San Fernando,Germinar ONG,http://instagram.com/germinarong/,,,,,,Abastecedor,,Retiro y Entrega,Sin agroquímicos,"Verduras, Frutas",⚠️ ONG - evaluar si corresponde incluir,ONG
Argentina,Buenos Aires,Zona Norte,San Isidro y Alrededores,La Proveeduría Orgánica,https://www.instagram.com/laproveeduriaorganica/,,,,11 6008-7347,,Abastecedor,,Solo Entrega,"Sin agroquímicos, Orgánico","Verduras, Frutas, Elaborados",,
Argentina,Buenos Aires,Zona Norte,Tigre,Alas de Tigre,https://www.instagram.com/alas_de_tigre/?hl=es-la,https://alasdetigre.wixsite.com/alasdetigre,,,,,Abastecedor,Productor,Retiro y Entrega,Sin agroquímicos,"Verduras, Frutas",,
Argentina,Buenos Aires,Zona Norte,"Tigre, San Fernando",Huerta Grande,https://www.instagram.com/huerta.grande/?hl=es-la,,,,1140457369,,Productor,,Retiro y Entrega,"Sin agroquímicos, Agroecológico","Verduras, Frutas",,
Argentina,Buenos Aires,Zona Norte,Tortuguitas,Medallon Vegetariano,https://www.instagram.com/medallonvegetariano/?hl=es-la,,,,11 3557 5142,,Abastecedor,,Retiro y Entrega,Sin agroquímicos,"Verduras, Frutas, Elaborados",,
Argentina,Buenos Aires,Zona Norte,"Vicente Lopez, San Isidro, Tigre, El Talar, San Fernando, Nordelta",Come bien BA,https://www.instagram.com/comebienba/?hl=es-la,,,,11 6558-1710,,Abastecedor,,Solo Entrega,Sin agroquímicos,"Verduras, Frutas, Elaborados",,
Argentina,Buenos Aires,Zona Norte,"Villa Adelina, Maschwitz",Caracoles y Hormigas,https://www.instagram.com/caracolesyhormigas/,,,,,,Abastecedor,,Retiro y Entrega,Sin agroquímicos,"Verduras, Frutas, Elaborados",,
Argentina,Buenos Aires,Zona Norte,Villa Ballester,Ayni Cocina,https://www.instagram.com/ayni_cocina/,,,,11 5322-7151,,Abastecedor,Restaurante,Retiro y Entrega,Sin agroquímicos,"Elaborados, Verduras, Frutas",,
Argentina,Buenos Aires,Zona Norte,Villa Martelli,La Isla Florida,instagram.com/laislaflorida/,,,,1161503097,,Abastecedor,,Retiro y Entrega,Sin agroquímicos,"Verduras, Frutas, Elaborados",⚠️ Revisar,
Argentina,Buenos Aires,Zona Norte,"Bella Vista, Muñiz, San Miguel, José C Paz",Almacén Ciruela,https://www.instagram.com/almacenciruela/,,,,,,Abastecedor,,Retiro y Entrega,Sin agroquímicos,"Verduras, Frutas, Elaborados",,
Argentina,Buenos Aires,Zona Norte,,De Bio Market,https://www.instagram.com/debiomarket/,,,,,,Abastecedor,,Retiro y Entrega,Sin agroquímicos,"Verduras, Frutas, Elaborados",⚠️ Revisar,
Argentina,Buenos Aires,Zona Norte,,Huerta la Anunciación,https://www.instagram.com/huertalaanunciacion/?hl=es-la,,,,,,Productor,,Retiro y Entrega,"Sin agroquímicos, Agroecológico","Verduras, Frutas",,
Argentina,Buenos Aires,Zona Norte,,Red Rizoma,https://www.instagram.com/redrizoma/,,,,,,Abastecedor,,Retiro y Entrega,Sin agroquímicos,"Verduras, Frutas, Elaborados",⚠️ Revisar,
Argentina,Buenos Aires,Zona Norte,,Nuestra Tierra Orgánicos,https://www.instagram.com/nuestratierraorganicos/,,,,,,Restaurante,Chef,Retiro y Entrega,"Sin agroquímicos, Agroecológico, Orgánico","Verduras, Frutas, Elaborados",,
Argentina,Buenos Aires,Zona Norte,,El Solaz,https://www.instagram.com/elsolaz/,,,,11 4417-2311,,Abastecedor,,Retiro y Entrega,Sin agroquímicos,"Verduras, Frutas, Elaborados",⚠️ Revisar,
Argentina,Buenos Aires,Zona Norte,,Monteverde,https://www.instagram.com/monteverdeverdu/?hl=es-la,,,,11 3424-5233,,Abastecedor,,Retiro y Entrega,"Sin agroquímicos, Sustentable","Verduras, Frutas, Elaborados",,
Argentina,Buenos Aires,Zona Norte,,Tierra Organicos,https://www.instagram.com/tierraorganicos/,,,,,,Abastecedor,Productor,Retiro y Entrega,"Sin agroquímicos, Agroecológico, Orgánico","Verduras, Frutas",,
Argentina,Buenos Aires,Zona Norte,,Red Orgánica,https://www.instagram.com/redorganica/,,,,,,Abastecedor,,Retiro y Entrega,"Sin agroquímicos, Orgánico","Verduras, Frutas, Elaborados",⚠️ Revisar,
Argentina,Buenos Aires,Zona Oeste,"Ramos Mejia, Ciudadela",MadreSol,https://www.instagram.com/madresol_organica/,,,,1139026360,,Abastecedor,,Solo Entrega,Sin agroquímicos,"Verduras, Frutas, Elaborados",,
Argentina,Buenos Aires,Zona Oeste,"Haedo, Ramos Mejía, Ciudadela, Villa Luzuriaga, San Justo, La Tablada, Tapiales, Morón, Casanova, Rafael Castillo, Castelar, Palomar, Caseros, Santos Lugares, Bella Vista, Hurlingam, Martín Coronado, Villa Udaondo, Parque Leloir, Ituzaingó, Merlo, Moreno, Fco Alvarez, Gral Rodriguez, Mariano Acosta, Marcos Paz, San Miguel, José c. Paz, Trujui, Quilmes, Berasategui, Avellaneda, Lanús",Mercado Transformador,https://www.instagram.com/mercadotransformador/?hl=es-la,,,,,,Abastecedor,,Solo Entrega,Sin agroquímicos,"Verduras, Frutas, Elaborados",,
Argentina,Buenos Aires,Zona Oeste,Morón,Morón Surco,https://www.instagram.com/moron.surco/,,,"Stevenson 2355, Castelar",011 2400-8507,Grupo WhatsApp: https://chat.whatsapp.com/DOa4Ak9uLZIE7pFiJAqIG4,Productor,Abastecedor,Retiro y Entrega,Sin agroquímicos,"Verduras, Frutas",,
Argentina,Buenos Aires,Zona Oeste,Ramos Mejia,Cultivarte Orgánico,https://www.instagram.com/cultivarte_organico/,,,,,,Abastecedor,Productor,Solo Entrega,"Sin agroquímicos, Agroecológico, Orgánico","Verduras, Frutas, Elaborados",,
Argentina,Buenos Aires,Zona Oeste,"San Justo, Ramos Mejía, Morón, Lomás del Mirador, Villa Luzuriaga, Haedo, Isidro Casanova",Orgánico MyM,https://www.instagram.com/organicomym/,,,,,,Abastecedor,Productor,Solo Entrega,"Sin agroquímicos, Orgánico","Verduras, Frutas, Elaborados",,
Argentina,Buenos Aires,Zona Oeste,"Ramos Mejia, Lomas del Mirador, Villa Luzuriaga, San Justo, Tapiales, Tablada, Morón, Castelar, Ituzingo, Haedo, Mataderos, Ciudadela, Liniers, Villa Real, Floresta, Flores",BioPandora Mercado Agroecológico,https://www.instagram.com/bio.pandora/,www.biopandora.com.ar,,,,,Abastecedor,Productor,Retiro y Entrega,"Sin agroquímicos, Orgánico, Sustentable, Demeter","Verduras, Frutas, Elaborados",,
Argentina,Buenos Aires,Zona Oeste,"Bellavista, Muñiz, San Miguel",Demeter Alimento Vital,https://www.instagram.com/demeter.alimentovital/,,,,,,Abastecedor,,Retiro y Entrega,"Sin agroquímicos, Sustentable","Elaborados, Verduras, Frutas",Certificación Demeter posible,Demeter
Argentina,Buenos Aires,Zona Oeste,"Bellavista, San Miguel",El Almacen Orgánico,https://www.instagram.com/elalmacenorganico/,,,,,,Abastecedor,,Retiro y Entrega,"Sin agroquímicos, Orgánico","Verduras, Frutas, Elaborados",,
Argentina,Buenos Aires,Zona Oeste,"Castelar, Ituzaingó, Ramos Mejía, Padua, Villa Udaondo, Haedo, San Justo",Sikkim Orgánico,https://www.instagram.com/sikkim.organico/?hl=es-la,,,,1521791201,,Abastecedor,,Solo Entrega,"Sin agroquímicos, Orgánico","Verduras, Frutas, Elaborados",,
Argentina,Buenos Aires,Zona Oeste,Ciudad Evita,En Respeto con la Naturaleza,https://www.instagram.com/enrespetoconlanaturaleza/?hl=es-la,,,,11 7369-3206,,Abastecedor,,Retiro y Entrega,"Sin agroquímicos, Sustentable","Verduras, Frutas, Elaborados",,
Argentina,Buenos Aires,Zona Oeste,De Ramos Mejía hasta Moreno,Eres lo que comes,https://www.instagram.com/almacen_eresloquecomes/,www.eresloquecomes.com.ar,,,,,Abastecedor,,Solo Entrega,Sin agroquímicos,"Verduras, Frutas, Elaborados",,
Argentina,Buenos Aires,Zona Sur,Florencio Varela,Agro Primavera,https://www.instagram.com/agroprimavera/,,,,1169346341,,Productor,Abastecedor,Retiro y Entrega,Sin agroquímicos,"Verduras, Frutas",,
Argentina,Buenos Aires,Zona Sur,Adrogué,Feria Sustentable del Sur,https://www.instagram.com/feriasustentabledelsur/,,,,,,Chef,,Retiro y Entrega,"Sin agroquímicos, Sustentable","Verduras, Frutas, Elaborados",,
Argentina,Buenos Aires,Zona Sur,Avellaneda,Chavo Pastel,https://www.instagram.com/chavopastel/,,,,,,Abastecedor,,Retiro y Entrega,Sin agroquímicos,"Elaborados, Verduras",⚠️ Revisar - podría ser Restaurante,
Argentina,Buenos Aires,Zona Sur,Almirante Brown y toda zona sur,Del Campo a la Mesa Brown,https://www.instagram.com/delcampoalamesabrown/,,,,,,Abastecedor,Productor,Solo Entrega,"Sin agroquímicos, Agroecológico","Verduras, Frutas",,
Argentina,Buenos Aires,Zona Sur,Banfield,Brota Orgánico,https://www.instagram.com/brotaorganico/,https://sites.google.com/view/brotaorganico/inicio,,,,,Productor,Abastecedor,Retiro y Entrega,"Sin agroquímicos, Orgánico","Verduras, Frutas",,
Argentina,Buenos Aires,Zona Sur,"El Pato, Berazategui",Huerta Tujillo,https://www.instagram.com/huerta_trujillo.06/,,,,,,Abastecedor,,Retiro y Entrega,"Sin agroquímicos, Agroecológico","Verduras, Frutas",,
Argentina,Buenos Aires,Zona Sur,Berazategui,Nodo de la UTT Gutierrez,https://www.instagram.com/nodo.utt.gutierrez/,,,,,,Abastecedor,,Retiro y Entrega,Sin agroquímicos,"Verduras, Frutas",⚠️ UTT - Nodo,
Argentina,Buenos Aires,Zona Sur,"Bernal, Quilmes, San Fco. Solano, Wilde, CABA",Reverdecer Ecotienda Saludable,https://www.instagram.com/reverdecer.ecotiendasaludable/,https://pency.app/reverdecer,,,,,Abastecedor,,Retiro y Entrega,"Sin agroquímicos, Sustentable","Verduras, Frutas, Elaborados",,
Argentina,Buenos Aires,Zona Sur,Ezeiza,Red Conciencia en el Sur,https://www.instagram.com/red_conciencia_enelsur/,,,,,,Abastecedor,,Retiro y Entrega,Sin agroquímicos,"Verduras, Frutas, Elaborados",,
Argentina,Buenos Aires,Zona Sur,Lomas de Zamora,El Patio de las Rosas,https://www.instagram.com/elpatiodelasrosas/,,,,,,Abastecedor,,Retiro y Entrega,Sin agroquímicos,"Verduras, Frutas, Elaborados",,
Argentina,Buenos Aires,Zona Sur,Lomas de Zamora,Verdores Almacén Vivero,https://www.instagram.com/verdores.almacen.vivero/,,,,,,Abastecedor,Productor,Retiro y Entrega,Sin agroquímicos,"Verduras, Frutas",,
Argentina,Buenos Aires,Zona Sur,"Lomas de Zamora, Lanús, Banfield, Temperley, Remedios de Escalada, Adrogué, Lavallol, Villa Turdera, Caning, Monte Grande",Sikkim Orgánico,https://www.instagram.com/sikkim.organico/?hl=es-la,,,,1556260969,,Abastecedor,,Solo Entrega,"Sin agroquímicos, Orgánico","Verduras, Frutas, Elaborados",,
Argentina,Buenos Aires,Zona Sur,"Lomas de Zamora, Adrogue, Marmol, Birzaco, Temperley",Nodo Vecinxs de Temperley - Nodo Mercado Territorial,https://www.nodovecinxsdetemperley.com.ar/,,,,,,Abastecedor,,Retiro y Entrega,Sin agroquímicos,"Verduras, Frutas, Elaborados",,
Argentina,Buenos Aires,Zona Sur,Adrogué,Nodo Tierra Nativa,https://www.instagram.com/nodotierranativa/,,,,,,Productor,,Retiro y Entrega,"Sin agroquímicos, Agroecológico","Verduras, Frutas, Elaborados",,
Argentina,Buenos Aires,Zona Sur,Rafael Calzada,Centro Demostrativo ALAS,https://www.instagram.com/centrodemostrativoalas/,,,,,,Abastecedor,,Retiro y Entrega,Sin agroquímicos,"Verduras, Frutas",⚠️ Centro demostrativo,
Argentina,Buenos Aires,Zona Sur,Quilmes,Biodemarg,https://www.instagram.com/biodemarg/?hl=es-la,,,,,,Abastecedor,,Retiro y Entrega,Sin agroquímicos,"Verduras, Frutas, Elaborados",,
Argentina,Buenos Aires,Zona Sur,"Quilmes oeste, Bernal oeste y centro",Marea Creciente - Nodo Mercado Territorial,https://www.instagram.com/nodo.mareacreciente/,,,,,,Abastecedor,,Retiro y Entrega,Sin agroquímicos,"Verduras, Frutas, Elaborados",,
Argentina,Buenos Aires,Zona Sur,Lanus Oeste,La Casita Orgánica,https://www.instagram.com/la_casitaorganica/,,,,,,Abastecedor,,Retiro y Entrega,"Sin agroquímicos, Orgánico","Verduras, Frutas, Elaborados",,
Argentina,Buenos Aires,Zona Sur,"Quilmes, Berazategui y alrededores",Buena Cosecha,https://www.instagram.com/buenacosecha_/,,,,,,Abastecedor,,Solo Entrega,"Sin agroquímicos, Agroecológico","Verduras, Frutas",,
Argentina,Buenos Aires,Zona Sur,,Paladar Divino Alimentos,https://www.instagram.com/paladardivinoalimentos/,,,,,,Abastecedor,,Retiro y Entrega,Sin agroquímicos,"Elaborados, Verduras, Frutas",,
Argentina,Buenos Aires,Zona Sur,,"La Cabaña, Agro Orgánic",https://www.instagram.com/holacanningnatural/,,,,,,Abastecedor,Productor,Retiro y Entrega,"Sin agroquímicos, Orgánico","Verduras, Frutas",,
Argentina,Buenos Aires,Zona Sur,,Mi Huerta Org,https://www.instagram.com/mihuertaorg/,,,,,,Productor,,Retiro y Entrega,"Sin agroquímicos, Agroecológico","Verduras, Frutas",,
Argentina,Buenos Aires,Zona Sur,,Bolsón Colaborativo,https://www.instagram.com/bolsoncolaborativo/,,,,,,Abastecedor,,Solo Entrega,Sin agroquímicos,"Verduras, Frutas, Elaborados",,
Argentina,Buenos Aires,Zona Sur,,Alimentos Naturales Q'umara,https://www.instagram.com/alimentosnaturalesqumara/,,https://linktr.ee/tiendanaturalqumara,,,,Abastecedor,,Retiro y Entrega,"Sin agroquímicos, Sustentable","Elaborados, Verduras, Frutas",,
Argentina,Buenos Aires,Zona Sur,,Agro Primavera,https://www.instagram.com/agroprimavera/,,,,,,Productor,Abastecedor,Retiro y Entrega,Sin agroquímicos,"Verduras, Frutas",,
Argentina,Buenos Aires,Zona Sur,,Agroecológicos MG,https://www.instagram.com/agroecologicosmg/,,,,,,Productor,Abastecedor,Retiro y Entrega,"Sin agroquímicos, Agroecológico, Sustentable","Verduras, Frutas",,
Argentina,Buenos Aires,Zona Sur,"José Marmol, Adrogue, Rafael Calzada, Burzaco, Longchamps, Turdera, Luis Guillón, Llavallol, Monte Grande, Temperley, Lomas de zamora, Banfield, Remedios de Escalada, Lanús",Organicadrogue,https://www.instagram.com/organicadrogue/,,,,,,Abastecedor,Chef,Solo Entrega,"Sin agroquímicos, Orgánico","Verduras, Frutas, Elaborados",,
Argentina,Buenos Aires,Zona Sur,,Sur Cocina y Rizoma,https://www.instagram.com/surcocinayrizoma/,,,,,,Abastecedor,Restaurante,Retiro y Entrega,Sin agroquímicos,"Elaborados, Verduras",⚠️ Revisar,
Argentina,Buenos Aires,Costa Atlántica,Chapadmalal,La Pai,https://www.instagram.com/lapai.ecoproveeduria/,,,,,Solo los VIERNES de 17 a 19 HS,Abastecedor,,Solo Retiro,Sin agroquímicos,"Verduras, Frutas, Elaborados",,
Argentina,Buenos Aires,Costa Atlántica,"Mar Chiquita, La Caleta",Casa Agua,https://www.instagram.com/la_peperia_mdc/,,,,2235264381,,Abastecedor,,Retiro y Entrega,Sin agroquímicos,"Verduras, Frutas, Elaborados",,
Argentina,Buenos Aires,Costa Atlántica,Mar del Plata,Che Verde,https://www.instagram.com/cheverde.mdp/,,,,,,Abastecedor,,Retiro y Entrega,"Sin agroquímicos, Sustentable","Verduras, Frutas, Elaborados",,
Argentina,Buenos Aires,Costa Atlántica,Mar del Plata,Cooperativa Productores Agroecológicos,https://www.instagram.com/productoresagroecologicosmdp/,,,,,,Productor,Abastecedor,Retiro y Entrega,"Sin agroquímicos, Agroecológico, Sustentable","Verduras, Frutas",,
Argentina,Buenos Aires,Costa Atlántica,Mar del Plata,De Rebrote,https://www.instagram.com/derebrote/,,,,,,Abastecedor,,Retiro y Entrega,Sin agroquímicos,"Verduras, Frutas, Elaborados",,
Argentina,Buenos Aires,Costa Atlántica,Mar del Plata,Botes Orgánicos,https://www.instagram.com/brotesorganicos/,,,,2236189548,,Abastecedor,,Retiro y Entrega,"Sin agroquímicos, Orgánico","Verduras, Frutas",,
Argentina,Buenos Aires,Costa Atlántica,Mar del Plata,Burubio Veggie,https://www.instagram.com/burubioveggie/,,,,,,Abastecedor,,Retiro y Entrega,Sin agroquímicos,"Elaborados, Verduras, Frutas",,
Argentina,Buenos Aires,Costa Atlántica,Mar del Plata,La Verdu Style,https://www.instagram.com/laverdustyle/,,,,,,Abastecedor,,Retiro y Entrega,Sin agroquímicos,"Verduras, Frutas",,
Argentina,Buenos Aires,Costa Atlántica,Mar del Plata,Campos Silvestre MDQ,https://www.instagram.com/camposilvestremdq/,,,,,,Productor,Abastecedor,Retiro y Entrega,"Sin agroquímicos, Agroecológico","Verduras, Frutas",,
Argentina,Buenos Aires,Costa Atlántica,Mar del Plata,Tu Raiz Alimentos,https://www.instagram.com/turaiz.alimentos/,http://www.turaiz.com.ar/#!/categoria/0/pagina/0/,,,,,Abastecedor,,Retiro y Entrega,Sin agroquímicos,"Verduras, Frutas, Elaborados",,
Argentina,Buenos Aires,Costa Atlántica,Mar del Plata,Feria Verde Mar del Plata,https://www.instagram.com/feriaverdemdp/,,,,,,Abastecedor,,Solo Retiro,"Sin agroquímicos, Sustentable","Verduras, Frutas, Elaborados",,
Argentina,Buenos Aires,Costa Atlántica,Mar del Plata,Estación Gourmet Almacén,https://www.instagram.com/estaciongourmetalmacen/,,,,,,Abastecedor,,Retiro y Entrega,Sin agroquímicos,"Elaborados, Verduras, Frutas",,
Argentina,Buenos Aires,Costa Atlántica,Mar del Plata,Armonía Alimentos Saludables,https://www.instagram.com/armonia.alimentos.saludables/,,,,,,Abastecedor,,Retiro y Entrega,"Sin agroquímicos, Sustentable","Elaborados, Verduras, Frutas",,
Argentina,Buenos Aires,Costa Atlántica,Mar del Plata,Huerta Los Serenos,https://www.instagram.com/huertalosserenos/,,,,,,Productor,,Retiro y Entrega,"Sin agroquímicos, Agroecológico","Verduras, Frutas",,
Argentina,Buenos Aires,Costa Atlántica,Mar del Plata,Almacen Aurelia,https://www.instagram.com/almacen.aurelia/,https://almacenaurelia.mitiendanube.com/,,,,,Abastecedor,,Retiro y Entrega,Sin agroquímicos,"Verduras, Frutas, Elaborados",,
Argentina,Buenos Aires,Costa Atlántica,"Mar del Plata, Chapadmalal",Luz en el Paraiso de Teresita,https://www.instagram.com/luzenelparaisodeteresita/,,,,,,Abastecedor,,Retiro y Entrega,Sin agroquímicos,"Elaborados, Verduras, Frutas",,
Argentina,Buenos Aires,Costa Atlántica,Miramar,Feria Verde Miramar,https://www.instagram.com/feriaverdemiramar/,,,,,,Abastecedor,,Solo Retiro,"Sin agroquímicos, Sustentable","Verduras, Frutas, Elaborados",,
Argentina,Buenos Aires,Costa Atlántica,Necochea Quequén,Viejas Raíces,https://www.instagram.com/viejas.raices/?hl=es-la,,,,,,Abastecedor,,Retiro y Entrega,Sin agroquímicos,"Verduras, Frutas, Elaborados",,
Argentina,Buenos Aires,Costa Atlántica,Santa Clara del Mar,Cheverde mdp,https://www.instagram.com/cheverdemdp/,,,,,,Abastecedor,,Retiro y Entrega,"Sin agroquímicos, Sustentable","Verduras, Frutas",,
Argentina,Buenos Aires,Provincia,Arrecifes,Almacen Orgánico Arrecifes,https://www.instagram.com/almacenorganico.arrecifes/,,,,,,Abastecedor,,Retiro y Entrega,"Sin agroquímicos, Orgánico","Verduras, Frutas, Elaborados",,
Argentina,Buenos Aires,Provincia,Bahía Blanca,La Tonantzin Fruteria,https://www.instagram.com/latonantzinfruteria/?hl=es-la,,,,,,Abastecedor,,Retiro y Entrega,Sin agroquímicos,"Frutas, Verduras, Elaborados",,
Argentina,Buenos Aires,Provincia,Berisso,Celtistala Almacén Orgánico,https://www.instagram.com/celtistala/?hl=es-la,,,,,,Abastecedor,,Retiro y Entrega,"Sin agroquímicos, Orgánico","Verduras, Frutas, Elaborados",,
Argentina,Buenos Aires,Provincia,Bragado,Chacra el Jahuel,https://www.instagram.com/chacraeljahuel/?hl=es-la,,,,,,Productor,,Retiro y Entrega,"Sin agroquímicos, Agroecológico","Verduras, Frutas",,
Argentina,Buenos Aires,Provincia,Bragado,Cultivos Catalpa,https://www.instagram.com/cultivoscatalpa/?hl=es-la,,,,,,Productor,,Retiro y Entrega,"Sin agroquímicos, Agroecológico","Verduras, Frutas",,
Argentina,Buenos Aires,Provincia,Capitan Sarmiento,Maclura Agroecología,https://www.instagram.com/maclura_agroecologia/,,,,,,Productor,Abastecedor,Retiro y Entrega,"Sin agroquímicos, Agroecológico, Sustentable","Verduras, Frutas",,
Argentina,Buenos Aires,Provincia,Exaltación de la Cruz,De la Huerta a tu Casa,https://www.instagram.com/delahuertaatucasa/,,,,,,Productor,Abastecedor,Solo Entrega,"Sin agroquímicos, Agroecológico","Verduras, Frutas",,
Argentina,Buenos Aires,Provincia,General Belgrano,La Quinta del Abuelo,https://instagram.com/laquinta.delabuelo,,,,2945417140,WhatsApp - tienen huevos,Productor,,Retiro y Entrega,Sin agroquímicos,"Verduras, Frutas, Huevos",,
Argentina,Buenos Aires,Provincia,Glew,Nave Prooveduria Vegana,https://www.instagram.com/nave.proveeduriavegana/,,,,11 22718919,,Productor,Abastecedor,Retiro y Entrega,Sin agroquímicos,"Elaborados, Verduras, Frutas",,
Argentina,Buenos Aires,Provincia,Hudson,Hola Sabor,https://www.instagram.com/hola_sabor/,,,,,,Abastecedor,,Retiro y Entrega,Sin agroquímicos,"Elaborados, Verduras, Frutas",⚠️ Revisar,
Argentina,Buenos Aires,Provincia,Junin,Cultivarte Orgánico,https://www.instagram.com/cultivarte_organico/,,,,,,Abastecedor,Productor,Retiro y Entrega,"Sin agroquímicos, Agroecológico, Orgánico","Verduras, Frutas, Elaborados",,
Argentina,Buenos Aires,Provincia,La Plata,Mora Organic,https://www.instagram.com/mora.organic/,,,,221 563-1432,,Abastecedor,Productor,Retiro y Entrega,"Sin agroquímicos, Orgánico","Verduras, Frutas",,
Argentina,Buenos Aires,Provincia,La Plata,Más rizomas,https://www.instagram.com/masrizomas/?hl=es-la,,,,,,Abastecedor,,Retiro y Entrega,Sin agroquímicos,"Verduras, Frutas, Elaborados",,
Argentina,Buenos Aires,Provincia,La Plata,Huerta orgánica Nueva Era,https://www.instagram.com/huerta_organica_nueva_era/?hl=es-la,,,,,,Productor,,Retiro y Entrega,"Sin agroquímicos, Agroecológico, Orgánico","Verduras, Frutas",,
Argentina,Buenos Aires,Provincia,La Plata,Biodemarg,https://www.instagram.com/biodemarg/?hl=es-la,,,,,,Abastecedor,,Retiro y Entrega,Sin agroquímicos,"Verduras, Frutas, Elaborados",,
Argentina,Buenos Aires,Provincia,La Plata,Cutura Alimentaria LP,https://www.instagram.com/culturaalimentarialp/?hl=es-la,,,,,,Abastecedor,,Retiro y Entrega,Sin agroquímicos,"Verduras, Frutas, Elaborados",,
Argentina,Buenos Aires,Provincia,La Plata,Los Teros Ecohuerta,https://www.instagram.com/lostereosecohuerta/?hl=es-la,,,,,,Productor,Abastecedor,Retiro y Entrega,"Sin agroquímicos, Agroecológico, Sustentable","Verduras, Frutas",,
Argentina,Buenos Aires,Provincia,La Plata,Agro Eco Moon,https://www.instagram.com/agroecomoon/?hl=es-la,https://bit.ly/3nz7zP7,,,,,Productor,Abastecedor,Retiro y Entrega,"Sin agroquímicos, Agroecológico, Sustentable","Verduras, Frutas",,
Argentina,Buenos Aires,Provincia,La Plata,Monarca Almacen organico,https://www.instagram.com/monarca.almacenorganico/?hl=es-la,,,,,,Abastecedor,,Retiro y Entrega,"Sin agroquímicos, Orgánico","Verduras, Frutas, Elaborados",,
Argentina,Buenos Aires,Provincia,La Plata,Más Rizomas,https://www.instagram.com/masrizomas/,,,,2215346770,,Abastecedor,,Retiro y Entrega,Sin agroquímicos,"Verduras, Frutas, Elaborados",,
Argentina,Buenos Aires,Provincia,La Plata,El Mercadito Gonnet,https://www.instagram.com/elmercadito.gonnet/,,,,,,Abastecedor,,Solo Retiro,Sin agroquímicos,"Verduras, Frutas, Elaborados",,
Argentina,Buenos Aires,Provincia,La Plata,Ayni Coope,https://www.instagram.com/ayni_coope/,,,,,,Abastecedor,Restaurante,Retiro y Entrega,Sin agroquímicos,"Elaborados, Verduras, Frutas",,
Argentina,Buenos Aires,Provincia,La Plata,Somos Tierra Verde,https://www.instagram.com/somostierraverde/,,,,,,Abastecedor,Productor,Retiro y Entrega,"Sin agroquímicos, Agroecológico, Sustentable","Verduras, Frutas",,
Argentina,Buenos Aires,Provincia,La Plata,Vuelta a las Tierra Huerta Familiar,https://www.instagram.com/vueltaalatierrahuertafamiliar/,,,,,,Productor,Abastecedor,Retiro y Entrega,"Sin agroquímicos, Agroecológico","Verduras, Frutas",,
Argentina,Buenos Aires,Provincia,"La Plata, Gonnet, City Bell, Villa Elisa",Nutrisano,https://www.instagram.com/nutrisanolp/?utm_medium=copy_link,,,,,,Abastecedor,,Retiro y Entrega,Sin agroquímicos,"Verduras, Frutas, Elaborados",,
Argentina,Buenos Aires,Provincia,Lobos,Nave Tierra Lobos,https://www.instagram.com/navetierralobos/,,,,,,Productor,Abastecedor,Retiro y Entrega,"Sin agroquímicos, Agroecológico","Verduras, Frutas, Elaborados",,
Argentina,Buenos Aires,Provincia,Luján,Colonia UTT Luján,https://www.instagram.com/colonia_utt_lujan/,,,,,,Productor,Abastecedor,Retiro y Entrega,"Sin agroquímicos, Agroecológico","Verduras, Frutas",⚠️ UTT Colonia,
Argentina,Buenos Aires,Provincia,Luján,Buenazas de Luján,https://www.facebook.com/BuenezasDeLujan/,,,,,,Abastecedor,,Retiro y Entrega,Sin agroquímicos,"Verduras, Frutas, Elaborados",,
Argentina,Buenos Aires,Provincia,Mercedes,Huerta el Origen,https://www.instagram.com/huertaeorigen/?hl=es-la,,,,,,Productor,,Retiro y Entrega,"Sin agroquímicos, Agroecológico","Verduras, Frutas",,
Argentina,Buenos Aires,Provincia,Mercedes,Mercado Sustentable Mercedes,https://www.instagram.com/mercado_sustentable_mercedes/?hl=es-la,,,,,,Abastecedor,,Retiro y Entrega,"Sin agroquímicos, Sustentable","Verduras, Frutas, Elaborados",,
Argentina,Buenos Aires,Provincia,Mercedes,Pura Vida Mercedes,https://www.instagram.com/puravidamercedes/?hl=es-la,,,,,,Abastecedor,,Retiro y Entrega,Sin agroquímicos,"Verduras, Frutas, Elaborados",,
Argentina,Buenos Aires,Provincia,Mercedes,Planto Hortalizas Orgánicas,https://www.instagram.com/plantohortalizasorganicas/?hl=es-la,,,,,,Productor,,Retiro y Entrega,"Sin agroquímicos, Orgánico","Verduras, Frutas",,
Argentina,Buenos Aires,Provincia,San Nicolás,Vuelta al Campo,https://www.instagram.com/vuelta_al_campo/,,,,,,Productor,Abastecedor,Retiro y Entrega,"Sin agroquímicos, Agroecológico","Verduras, Frutas",,
Argentina,Buenos Aires,Provincia,San Pedro,Tapo Orgánico,https://www.instagram.com/tapo.organico/,,,,,,Abastecedor,Productor,Retiro y Entrega,"Sin agroquímicos, Orgánico","Verduras, Frutas, Elaborados",,
Argentina,Buenos Aires,Provincia,Tandil y alrededores,Con los Pies en la Tierra,https://www.instagram.com/con.los.pies.en.la_tierra/,,,,,,Abastecedor,Chef,Retiro y Entrega,"Sin agroquímicos, Agroecológico","Verduras, Frutas",,
Argentina,Buenos Aires,Provincia,Trenque Lauquen,La Trattoria TL,https://www.instagram.com/latrattoriatl/,,,,,,Abastecedor,Restaurante,Retiro y Entrega,Sin agroquímicos,Elaborados,⚠️ Trattoria - puede ser Restaurante principal,
Argentina,Buenos Aires,Provincia,Trenque Lauquen,Mamushka Cocina Amor,https://www.instagram.com/mamushka.cocina.amor/?hl=es-la,,,,,,Restaurante,Abastecedor,Retiro y Entrega,Sin agroquímicos,Elaborados,,
Argentina,Buenos Aires,Provincia,"Villa de Mayo, Malvinas Argentinas",Ñangapirí. Mercadito Soberano,https://www.instagram.com/niangapirimercadito/?hl=es-la,,,,,,Abastecedor,,Retiro y Entrega,Sin agroquímicos,"Verduras, Frutas, Elaborados",,
Argentina,Buenos Aires,Provincia,Villa Pueyrredón,VPV Nodo UTT,https://www.instagram.com/vpv.nodoutt/,,,,11 5771-4589,,Abastecedor,,Retiro y Entrega,Sin agroquímicos,"Verduras, Frutas, Elaborados",⚠️ UTT Nodo,
Argentina,Ciudad Autónoma de Buenos Aires,,,Almacenata,https://www.instagram.com/almacenata/,www.almacenata.com.ar/,,,,,Abastecedor,,Retiro y Entrega,Sin agroquímicos,"Verduras, Frutas, Elaborados",,
Argentina,Ciudad Autónoma de Buenos Aires,,,Almacenutт,https://www.instagram.com/almacenutt/?hl=es-la,,,,,,Abastecedor,,Solo Entrega,Sin agroquímicos,"Verduras, Frutas, Elaborados",,
Argentina,Ciudad Autónoma de Buenos Aires,,,Amazen Tienda Orgánica,https://www.instagram.com/almazentiendaorganica_/?hl=es-la,,,,,,Abastecedor,,Retiro y Entrega,"Sin agroquímicos, Orgánico","Verduras, Frutas, Elaborados",,
Argentina,Ciudad Autónoma de Buenos Aires,,,Biodemarg,https://www.instagram.com/biodemarg/?hl=es-la,,,,,,Abastecedor,,Retiro y Entrega,Sin agroquímicos,"Verduras, Frutas, Elaborados",,
Argentina,Ciudad Autónoma de Buenos Aires,,,Biomarket Orgánico,https://www.instagram.com/biomarketorganico/,https://biomarket.com.ar/,,,,,Abastecedor,,Retiro y Entrega,"Sin agroquímicos, Orgánico","Verduras, Frutas, Elaborados",,
Argentina,Ciudad Autónoma de Buenos Aires,,,Caracoles y Hormigas,https://www.instagram.com/caracolesyhormigas/,,,,,Consultar zonas de entrega,Abastecedor,,Solo Entrega,Sin agroquímicos,"Verduras, Frutas, Elaborados",,
Argentina,Ciudad Autónoma de Buenos Aires,,,Come bien BA,https://www.instagram.com/comebienba/?hl=es-la,,,,11 6558-1710,,Abastecedor,,Solo Entrega,Sin agroquímicos,"Verduras, Frutas, Elaborados",,
Argentina,Ciudad Autónoma de Buenos Aires,,,Cultivarte Orgánico,https://www.instagram.com/cultivarte_organico/,,,,,,Abastecedor,Productor,Retiro y Entrega,"Sin agroquímicos, Agroecológico, Orgánico","Verduras, Frutas, Elaborados",,
Argentina,Ciudad Autónoma de Buenos Aires,,,El Bolsón Orgánico,https://www.instagram.com/elbolson_organico/,,https://linktr.ee/Elbolsonorganico,,,,Abastecedor,,Solo Entrega,"Sin agroquímicos, Orgánico","Verduras, Frutas, Elaborados",,
Argentina,Ciudad Autónoma de Buenos Aires,,,El Cajoncito,https://www.instagram.com/el.cajoncito/,https://www.elcajoncito.org/,,,,,Abastecedor,,Solo Entrega,Sin agroquímicos,"Verduras, Frutas, Elaborados",,
Argentina,Ciudad Autónoma de Buenos Aires,,,El Click Bolsones,https://www.instagram.com/elclickbolsones/,https://bit.ly/2ZtmwKf,,,,,Abastecedor,,Solo Entrega,Sin agroquímicos,"Verduras, Frutas, Elaborados",,
Argentina,Ciudad Autónoma de Buenos Aires,,,El Galpón Agroecológico,https://www.instagram.com/elgalpon.agroecologico/,,,,,,Abastecedor,,Retiro y Entrega,"Sin agroquímicos, Agroecológico, Sustentable","Verduras, Frutas, Elaborados",,
Argentina,Ciudad Autónoma de Buenos Aires,,,Huerta la Anunciación,https://www.instagram.com/huertalaanunciacion/?hl=es-la,,,,,,Productor,,Retiro y Entrega,"Sin agroquímicos, Agroecológico","Verduras, Frutas",,
Argentina,Ciudad Autónoma de Buenos Aires,,,Indira Alimentos Conscientes,https://www.instagram.com/indiraalimentosconscientes/?hl=es-la,https://indiraalimentos.mitiendanube.com/,,,,,Abastecedor,,Retiro y Entrega,Sin agroquímicos,"Elaborados, Verduras, Frutas",,
Argentina,Ciudad Autónoma de Buenos Aires,,,Iriarte Verde,https://www.instagram.com/iriarteverde/?hl=es-la,http://iriarteverde.com.ar/,,,,,Abastecedor,Productor,Retiro y Entrega,"Sin agroquímicos, Sustentable","Verduras, Frutas, Elaborados",,
Argentina,Ciudad Autónoma de Buenos Aires,,,Jardín Orgánico,https://www.instagram.com/jardin_organico/,https://www.jardinorganico.com.ar/,,,,,Productor,Abastecedor,Retiro y Entrega,"Sin agroquímicos, Orgánico","Verduras, Frutas",,
Argentina,Ciudad Autónoma de Buenos Aires,,,Korindo Natural y Orgánico,https://www.instagram.com/korindo_natural_y_organico/,,,,4553 6122,,Abastecedor,,Retiro y Entrega,"Sin agroquímicos, Orgánico, Sustentable","Elaborados, Verduras, Frutas",,
Argentina,Ciudad Autónoma de Buenos Aires,,,La Agroecológica,https://www.instagram.com/laagroecologica/,,https://linktr.ee/laagroecologica,,,,Abastecedor,Productor,Retiro y Entrega,"Sin agroquímicos, Agroecológico, Sustentable","Verduras, Frutas",,
Argentina,Ciudad Autónoma de Buenos Aires,,,La Chapanay,https://www.instagram.com/lachapanayorganiconatural/,,,,,,Abastecedor,,Retiro y Entrega,Sin agroquímicos,"Elaborados, Verduras, Frutas",,
Argentina,Ciudad Autónoma de Buenos Aires,,,La Comunidad Orgánica,https://www.instagram.com/lacomunidadorganica/,,,,,,Abastecedor,,Solo Entrega,"Sin agroquímicos, Orgánico","Verduras, Frutas, Elaborados",,
Argentina,Ciudad Autónoma de Buenos Aires,,,La Huerta Orgánica,https://www.instagram.com/lho.arg/,,,,,,Productor,Abastecedor,Solo Entrega,"Sin agroquímicos, Agroecológico, Orgánico","Verduras, Frutas",,
Argentina,Ciudad Autónoma de Buenos Aires,,,La Orgánica Delivery,https://www.instagram.com/laorganicadelivery/,https://www.laorganicadelivery.com/,,,,,Abastecedor,,Solo Entrega,"Sin agroquímicos, Orgánico","Verduras, Frutas, Elaborados",,
Argentina,Ciudad Autónoma de Buenos Aires,,,Las Chapas Ecoagro,https://www.instagram.com/laschapas_ecoagro/?hl=es-la,,,,11 4148-8880,,Productor,Abastecedor,Solo Entrega,"Sin agroquímicos, Sustentable","Verduras, Frutas",,
Argentina,Ciudad Autónoma de Buenos Aires,,,Mapo Orgánicos,https://www.instagram.com/mapo_organicos/,,https://linktr.ee/Mapo.organicos,,,,Abastecedor,Productor,Solo Entrega,"Sin agroquímicos, Orgánico","Verduras, Frutas, Elaborados",,
Argentina,Ciudad Autónoma de Buenos Aires,,,Más Cerca es Más Justo,https://www.instagram.com/mascercaesmasjusto/,,https://linktr.ee/mascercamasjusto,,,,Abastecedor,,Solo Entrega,Sin agroquímicos,"Verduras, Frutas, Elaborados",,
Argentina,Ciudad Autónoma de Buenos Aires,,,Medio Campo Orgánico,https://www.instagram.com/mediocampo.organico/,,,,,,Abastecedor,,Solo Entrega,"Sin agroquímicos, Agroecológico, Orgánico","Verduras, Frutas, Elaborados",,
Argentina,Ciudad Autónoma de Buenos Aires,,,Mercado Bonpland,https://instagram.com/mercado.bonpland,,,,,Espacio de comercialización de la Economía Solidaria,Abastecedor,,Solo Retiro,"Sin agroquímicos, Sustentable","Verduras, Frutas, Elaborados",,
Argentina,Ciudad Autónoma de Buenos Aires,,,Mercado Punto Verde,https://www.instagram.com/mercadopuntoverde/,,,,,,Abastecedor,,Solo Retiro,"Sin agroquímicos, Sustentable","Verduras, Frutas, Elaborados",,
Argentina,Ciudad Autónoma de Buenos Aires,,,Mercado Territorial,https://www.instagram.com/mercado.territorial/?hl=en,,,,,,Abastecedor,,Retiro y Entrega,Sin agroquímicos,"Verduras, Frutas, Elaborados",,
Argentina,Ciudad Autónoma de Buenos Aires,,,Mercado Transformador,https://www.instagram.com/mercadotransformador/?hl=es-la,,,,,,Abastecedor,,Solo Entrega,Sin agroquímicos,"Verduras, Frutas, Elaborados",,
Argentina,Ciudad Autónoma de Buenos Aires,,,Punto Orgánico,https://www.instagram.com/punto.organico/,,,,,,Abastecedor,,Solo Entrega,"Sin agroquímicos, Orgánico","Verduras, Frutas, Elaborados",,
Argentina,Ciudad Autónoma de Buenos Aires,,,Sanas Costumbres,https://www.instagram.com/sanas_costumbres/,,,,,,Abastecedor,,Retiro y Entrega,"Sin agroquímicos, Sustentable","Elaborados, Verduras, Frutas",,
Argentina,Ciudad Autónoma de Buenos Aires,,,Semilleros de Estrellas,https://www.instagram.com/semillerodeestrellas_/,,,,,,Productor,,Retiro y Entrega,"Sin agroquímicos, Agroecológico","Verduras, Frutas",⚠️ Semilleros,
Argentina,Ciudad Autónoma de Buenos Aires,,,Sinergía Ecoalmacen,https://www.instagram.com/sinergia.ecoalmacen/?hl=es-la,,,,,,Abastecedor,,Retiro y Entrega,"Sin agroquímicos, Sustentable","Elaborados, Verduras, Frutas",,
Argentina,Ciudad Autónoma de Buenos Aires,,,Somos Nueva Tierra,https://www.instagram.com/somosnuevatierra/?hl=es-la,,,,,,Abastecedor,Productor,Retiro y Entrega,"Sin agroquímicos, Agroecológico","Verduras, Frutas",,
Argentina,Ciudad Autónoma de Buenos Aires,,,Sumak Coooperativa de Consumo,https://www.instagram.com/sumakalmacencooperativo/,,,,,,Abastecedor,,Retiro y Entrega,Sin agroquímicos,"Verduras, Frutas, Elaborados",,
Argentina,Ciudad Autónoma de Buenos Aires,,,Tallo Verde,https://www.instagram.com/talloverde.organico,https://www.talloverde.com/,,,,,Abastecedor,,Retiro y Entrega,"Sin agroquímicos, Sustentable","Verduras, Frutas, Elaborados",,
Argentina,Ciudad Autónoma de Buenos Aires,,,Tierra Orgánica,https://www.instagram.com/tierraorganicaarg/,,https://linktr.ee/tierraorganicaarg,,,,Abastecedor,Productor,Retiro y Entrega,"Sin agroquímicos, Agroecológico, Orgánico","Verduras, Frutas, Elaborados",,
Argentina,Chaco,,Resistencia,Cultivarte Orgánico,https://www.instagram.com/cultivarte_organico/,,,,,,Abastecedor,Productor,Retiro y Entrega,"Sin agroquímicos, Agroecológico, Orgánico","Verduras, Frutas, Elaborados",,
Argentina,Chubut,,"Rawson, Gaiman, Trelew, Playa Unión, Puerto Madryn",Alimentos con el Alma,https://www.instagram.com/alimentos_con_alma/,,https://linktr.ee/AlimentosconAlma,,,,Abastecedor,,Retiro y Entrega,Sin agroquímicos,"Elaborados, Verduras, Frutas",,
Argentina,Córdoba,,Amboy,Mercado de la Tierra Amboy,https://www.instagram.com/mercadodelatierra.amboy/?hl=es-la,,,,,,Abastecedor,,Solo Retiro,"Sin agroquímicos, Agroecológico","Verduras, Frutas, Elaborados",,
Argentina,Córdoba,,Arguello,Yuyupa Córdoba,https://www.instagram.com/yuyupa_cordoba/?hl=es-la,,https://linktr.ee/yuyupacordoba,,,,Abastecedor,,Retiro y Entrega,Sin agroquímicos,"Elaborados, Verduras, Frutas",,
Argentina,Córdoba,,Arroyito,Bioterra Orgánicos,https://www.instagram.com/bioterra.organicos/,,,,3576 65-1776,,Productor,Abastecedor,Retiro y Entrega,"Sin agroquímicos, Orgánico","Verduras, Frutas, Elaborados",,
Argentina,Córdoba,,Córdoba Capital,Feria Agroecológica CBA,https://www.instagram.com/feriaagroecologicacba/,,,,,,Abastecedor,,Solo Retiro,"Sin agroquímicos, Agroecológico, Sustentable","Verduras, Frutas, Elaborados",,
Argentina,Córdoba,,Córdoba Capital,Gratiam Orgánicos,https://www.instagram.com/organicos_gratiam/?hl=es,,,,,,Abastecedor,,Retiro y Entrega,"Sin agroquímicos, Orgánico","Elaborados, Verduras, Frutas",,
Argentina,Córdoba,,Córdoba Capital,Orgánicos de mi tierra,https://www.instagram.com/Organicosdemitierra/,,,Rafael Núñez 5824 / Ayacucho 486 / Urquiza 2501,0351 515-9199,,Abastecedor,Productor,Retiro y Entrega,"Sin agroquímicos, Agroecológico, Orgánico","Verduras, Frutas, Elaborados",,
Argentina,Córdoba,,Córdoba,Y otras yerbas,https://www.instagram.com/_y_otras_yerbas_/?hl=es-la,,,,351 701-2770,,Abastecedor,,Retiro y Entrega,Sin agroquímicos,"Elaborados, Verduras, Frutas",,
Argentina,Córdoba,,Córdoba Capital - Bario Alta Córdoba,Paisano Almacen,https://www.instagram.com/paisanoalmacen/?hl=es-la,,,,3513165968,,Abastecedor,,Retiro y Entrega,Sin agroquímicos,"Verduras, Frutas, Elaborados",,
Argentina,Córdoba,,Córdoba Capital - Barrio Güemes,Ramona mercado autogestivo,https://www.instagram.com/ramonamercadoautogestivo/?hl=es-la,,,,,"Dietética, no vi bolsón",Abastecedor,,Solo Retiro,Sin agroquímicos,"Elaborados, Verduras",,
Argentina,Córdoba,,Embalse de Calambuchita,Wahe Guru Sustentable,https://www.instagram.com/waheguru.sustentable/,,,,,,Abastecedor,,Retiro y Entrega,"Sin agroquímicos, Sustentable","Elaborados, Verduras, Frutas",,
Argentina,Córdoba,,"Los Reartes, Valle de Calmbuchita",Destino Verdes,https://www.instagram.com/destinoverdes/,,,,,,Productor,Abastecedor,Retiro y Entrega,"Sin agroquímicos, Sustentable","Verduras, Frutas",,
Argentina,Córdoba,,"Nono, Traslsierra",Reina Mora,https://www.instagram.com/reina.mora.natural/,,,,,,Productor,Abastecedor,Retiro y Entrega,Sin agroquímicos,"Elaborados, Verduras, Frutas",,
Argentina,Córdoba,,Potrero de Garay,Valle Sagrado Chacra Agroecológica,https://www.instagram.com/vallesagrado_chacragroecologic/?hl=es-la,,,,,,Productor,,Retiro y Entrega,"Sin agroquímicos, Agroecológico, Sustentable","Verduras, Frutas",,
Argentina,Córdoba,,"Río Segundo, Río Tercero, Oncativo, Pilar y Laguna Larga",Productor Lucamaría,https://www.instagram.com/productoralucamaria/?hl=es-la,,,,351 226-5403,,Productor,,Retiro y Entrega,"Sin agroquímicos, Agroecológico","Verduras, Frutas",,
Argentina,Córdoba,,Valle de Punilla,Huerta Las Abejas,https://www.instagram.com/huerta_las_abejas/,,,,,,Productor,,Retiro y Entrega,"Sin agroquímicos, Agroecológico","Verduras, Frutas",,
Argentina,Córdoba,,"Villa Allende, Zona Norte, Sierras Chicas hasta Unquillo",Mascabo Organico,https://www.instagram.com/mascaborganicos/,,,,3512410852,,Abastecedor,,Retiro y Entrega,"Sin agroquímicos, Orgánico","Verduras, Frutas, Elaborados",,
Argentina,Córdoba,,Villa General Belgrano,All Natural VGB,https://www.instagram.com/allnaturalvgb/?hl=es-la,,,,,,Abastecedor,,Retiro y Entrega,"Sin agroquímicos, Sustentable","Verduras, Frutas, Elaborados",,
Argentina,Córdoba,,"Villa General Belgrano, Valle de Calambuchita",Feria Agroecológica VGB,https://www.instagram.com/feriaagroecologicavgb/?hl=es-la,,,,,,Abastecedor,,Solo Retiro,"Sin agroquímicos, Agroecológico, Sustentable","Verduras, Frutas, Elaborados",,
Argentina,Córdoba,,Villa María,De La Pacha Huerto,https://www.instagram.com/delapachahuerto/,,,,,,Productor,,Retiro y Entrega,Sin agroquímicos,"Elaborados, Plantas medicinales",,
Argentina,Corrientes,,,Subtropical Vivarium,https://www.instagram.com/subtropical_vivarium/,,,,,,Productor,,Retiro y Entrega,"Sin agroquímicos, Sustentable","Verduras, Frutas, Elaborados",⚠️ Vivarium - revisar,
Argentina,Corrientes,,,Naturveda Corrientes,https://www.instagram.com/naturvedacorrientes/,,,,,,Abastecedor,,Retiro y Entrega,Sin agroquímicos,"Elaborados, Verduras",,
Argentina,Corrientes,,,Kefir Skinny,https://www.instagram.com/kefirskinny/,,,,,,Productor,,Retiro y Entrega,"Sin agroquímicos, Agroecológico, Sustentable","Elaborados, Lácteos",,
Argentina,Entre Ríos,,Guleguaychu,Skinny Waffles Gualeguaychu,https://www.instagram.com/skinnywafflesgualeguaychu/?hl=es-la,,,,,,Restaurante,Abastecedor,Retiro y Entrega,Sin agroquímicos,Elaborados,⚠️ Waffles - puede ser solo Restaurante,
Argentina,Entre Ríos,,Paraná,Alimenta Paraná,https://www.instagram.com/alimentaparana/?hl=es-la,,,,,,Abastecedor,,Retiro y Entrega,Sin agroquímicos,"Verduras, Frutas, Elaborados",,
Argentina,Jujuy,,,Agroholon,https://www.instagram.com/agroholon/?hl=es-la,,,,,,Productor,Abastecedor,Retiro y Entrega,Sin agroquímicos,"Verduras, Frutas",,
Argentina,La Pampa,,Toay,Verde Lechuza - huerta agroecológica,https://www.instagram.com/verdelechuza/?hl=es-la,,,,,Plantines agroecológicos y eventualmente frutas y verduras,Productor,,Solo Retiro,"Sin agroquímicos, Agroecológico, Sustentable","Verduras, Frutas",,
Argentina,La Pampa,,"Santa Rosa, Toay, Gral Acha",Pampa Fresca,https://www.instagram.com/pampa.fresca/?hl=en,,,,2954225018,Hacen envíos,Productor,Abastecedor,Solo Entrega,Sin agroquímicos,"Verduras, Frutas",,
Argentina,La Pampa,,Santa Rosa,Alora Saludable,https://www.instagram.com/alora.saludable/,,,,2954 809359,Hacen envíos,Abastecedor,,Solo Entrega,"Sin agroquímicos, Sustentable","Verduras, Frutas, Elaborados",,
Argentina,La Pampa,,Santa Rosa,Brote Popular,https://www.instagram.com/brotepopular/?hl=en,,,,,Se retira en la zona del hospital Lucio Molas,Productor,,Solo Retiro,Sin agroquímicos,"Verduras, Frutas",,
Argentina,Mendoza,,Gran Mendoza,Kale Agroecológicos,https://www.instagram.com/kaleagroecologicos/?hl=es-la,,,,,,Productor,Abastecedor,Retiro y Entrega,"Sin agroquímicos, Agroecológico, Sustentable","Verduras, Frutas",,
Argentina,Mendoza,,Mendoza Capital,Vida Feria,https://www.instagram.com/vidaferiacano/?hl=es-la,,,,,,Abastecedor,,Solo Retiro,Sin agroquímicos,"Verduras, Frutas, Elaborados",,
Argentina,Mendoza,,Mendoza Ciudad y Gran Mendoza,Reparto Alegría,https://www.instagram.com/reparto_alegria/?hl=es-la,,https://linktr.ee/repartoalegria,,,,Abastecedor,,Solo Entrega,Sin agroquímicos,"Verduras, Frutas, Elaborados",,
Argentina,Mendoza,,"Rivadavia, San Martin y Junín, Godoy Cruz, Maipú, Lujan, Las Heras, Guaymallen",Wanka Saludable,https://www.instagram.com/wankasaludable/?hl=es-la,,,,261 525-6270,,Abastecedor,,Solo Entrega,"Sin agroquímicos, Sustentable","Verduras, Frutas, Elaborados",,
Argentina,Mendoza,,,Mistica Natural,https://www.instagram.com/misticanatural.arg/?hl=es-la,,https://linktr.ee/misticanatural.arg,,,,Abastecedor,,Retiro y Entrega,"Sin agroquímicos, Sustentable","Elaborados, Verduras, Frutas",,
Argentina,Mendoza,,,Divina Naturaleza - finca dina,https://www.instagram.com/finca.dina/?hl=es-la,,,,261 699-9814,,Productor,,Retiro y Entrega,"Sin agroquímicos, Sustentable","Verduras, Frutas",,
Argentina,Mendoza,,,Bio Feria,https://www.instagram.com/bioferia.mendoza/?hl=es-la,,,,,,Abastecedor,,Solo Retiro,Sin agroquímicos,"Verduras, Frutas, Elaborados",,
Argentina,Misiones,,Oberá,Granja La Lechuza,https://www.instagram.com/granjalalechuza/?hl=es-la,https://granjalalechuza.com/,,,,,Productor,,Retiro y Entrega,"Sin agroquímicos, Agroecológico","Verduras, Frutas, Huevos",,
Argentina,Misiones,,Posadas,Yvy Tierra Almacen,https://www.instagram.com/yvytierra.almacen/,,,,,,Abastecedor,,Retiro y Entrega,"Sin agroquímicos, Agroecológico","Verduras, Frutas, Elaborados",,
Argentina,Neuquén,,Contralmirante Cordero,Janus,https://www.instagram.com/janusbio/?hl=es,,,,2995711049,,Productor,Abastecedor,Retiro y Entrega,Sin agroquímicos,"Verduras, Frutas",,
Argentina,Neuquén,,San Martín de los Andes,"Egaleco, Canasta agroecológica",https://www.instagram.com/egalecosma/?hl=es-la,,,,,,Abastecedor,,Retiro y Entrega,"Sin agroquímicos, Agroecológico, Sustentable","Verduras, Frutas, Elaborados",,
Argentina,Neuquén,,,Huerta Organica Flor Dorada,https://www.instagram.com/huertaorganicaflordorada/?hl=es-la,https://madmimi.com/s/9a8e611,,,,,Productor,,Retiro y Entrega,"Sin agroquímicos, Agroecológico, Orgánico","Verduras, Frutas",,
Argentina,Río Negro,,Bariloche,Mercado Comunitario Bariloche,https://www.instagram.com/mercado.comunitario.bariloche/?hl=es-la,,,,,,Abastecedor,,Solo Retiro,Sin agroquímicos,"Verduras, Frutas, Elaborados",,
Argentina,Río Negro,,"El Bolsón, Bariloche",Huerta Amaranthus,https://www.instagram.com/huerta.amarantus/,,,,,,Productor,,Retiro y Entrega,"Sin agroquímicos, Agroecológico","Verduras, Frutas",,
Argentina,Río Negro,,El Bolsón y alrededores,Chacra Rizoma,https://www.instagram.com/chacrarizoma/,,,,2944 597984,,Productor,,Retiro y Entrega,"Sin agroquímicos, Agroecológico","Verduras, Frutas",,
Argentina,Río Negro,,Contralmirante Cordero,Janus Bio,https://www.instagram.com/janusbio/?hl=es-la,,,,,,Productor,Abastecedor,Retiro y Entrega,Sin agroquímicos,"Verduras, Frutas",,
Argentina,Río Negro,,Trevelin,Tierra Caracol,https://www.instagram.com/caracoltierra/?hl=es-la,,,,,,Productor,,Retiro y Entrega,"Sin agroquímicos, Agroecológico","Verduras, Frutas",,
Argentina,Río Negro,,Trevelin,Vive la Huerta Trevelin,https://www.instagram.com/vive_la_huerta__trevelin/?hl=es-la,,,,,,Productor,,Retiro y Entrega,"Sin agroquímicos, Agroecológico","Verduras, Frutas",,
Argentina,Río Negro,,"Viedma, Carmen de Patagones",Colectivo Agroecologico,https://www.instagram.com/colectivoagroecologico/?hl=es-la,,,,,,Abastecedor,Productor,Retiro y Entrega,"Sin agroquímicos, Agroecológico, Sustentable","Verduras, Frutas",,
Argentina,San Juan,,Albardón,Granja Tía Nora,https://www.instagram.com/granjatianora/?hl=es-la,,,,2644365391,,Productor,,Retiro y Entrega,"Sin agroquímicos, Agroecológico","Verduras, Frutas, Huevos",,
Argentina,San Luis,,San Luis Capital,La Huertita SL,https://www.instagram.com/lahuertitasl/?hl=es-la,,,,,,Abastecedor,,Retiro y Entrega,Sin agroquímicos,"Verduras, Frutas, Elaborados",,
Argentina,San Luis,,,Red Viva San Luis,,,,,266 457 4533,Contacto: Cecilia,Abastecedor,,Retiro y Entrega,"Sin agroquímicos, Sustentable","Verduras, Frutas, Elaborados",,
Argentina,Santa Fé,,Arroyo Seco y zona,El Campito Huerta,https://www.instagram.com/el.campito.huerta/,,,,3402 552-723,,Productor,Abastecedor,Retiro y Entrega,"Sin agroquímicos, Agroecológico","Verduras, Frutas",,
Argentina,Santa Fé,,Esperanza,Broagroecológico,https://www.instagram.com/broagroecologico/,,,,3496400062,,Abastecedor,Productor,Retiro y Entrega,"Sin agroquímicos, Agroecológico, Sustentable","Verduras, Frutas, Elaborados",,
Argentina,Santa Fé,,Hughes,Benjamín Santiago,https://www.instagram.com/samtiago.moru/,,,,542473-46-9103,,Productor,,Retiro y Entrega,Sin agroquímicos,"Verduras, Frutas",,
Argentina,Santa Fé,,"Rosario, Funes, Roldán",Dulces del Jardín,https://www.instagram.com/dulcesdeljardinenfunes/,https://dulcesdeljardin.mitiendanube.com/,,,,,Abastecedor,,Retiro y Entrega,Sin agroquímicos,"Elaborados, Verduras, Frutas",,
Argentina,Santa Fé,,Rosario,Suelo Común,https://www.instagram.com/latiendadesuelocomun/?hl=es,,,,,,Abastecedor,,Solo Retiro,Sin agroquímicos,"Verduras, Frutas, Elaborados",,
Argentina,Santa Fé,,"Rosario, Granadero Baigorria",Trabajo en Tierra Viva,https://www.instagram.com/trabajotierraviva/?hl=es,https://trabajoentierraviva.mitiendanube.com/,,,,,Productor,Abastecedor,Retiro y Entrega,"Sin agroquímicos, Agroecológico, Sustentable","Verduras, Frutas",,
Argentina,Santa Fé,,Rosario,Biodemarg,https://www.instagram.com/biodemarg/?hl=es-la,,,,,,Abastecedor,,Retiro y Entrega,Sin agroquímicos,"Verduras, Frutas, Elaborados",,
Argentina,Santa Fé,,"Rosario y Gran Rosario, Villa Gobernador Galvez, El Trebol, San Lorenzo, Casilla I, Firmat, Alvear, Entre Rios, etc.",Vitalia Almacen Natural,https://www.instagram.com/vitalia_almacennatural/?hl=es,https://vitalia.com.ar/,,,341 509-0914,,Abastecedor,,Solo Entrega,"Sin agroquímicos, Sustentable","Verduras, Frutas, Elaborados",,
Argentina,Santa Fé,,Santa Fé Capital,Feria Agroecológica Santa Fé,https://www.instagram.com/feriaagroecologicasf/,,,,,,Abastecedor,,Solo Retiro,"Sin agroquímicos, Agroecológico, Sustentable","Verduras, Frutas, Elaborados",,
Argentina,Santa Fé,,Santa Fé Capital,Verdecita 2020,https://www.instagram.com/verdecita2020/,,,,,,Abastecedor,,Retiro y Entrega,"Sin agroquímicos, Sustentable","Verduras, Frutas, Elaborados",,
Argentina,Santa Fé,,Santa Fé Capital,La Huerta Delivery,https://www.instagram.com/la_huerta_delivery/,,,,342 549-9608,,Abastecedor,,Solo Entrega,"Sin agroquímicos, Agroecológico","Verduras, Frutas",,
Argentina,Santa Fé,,Santa Fé Capital,Establecimiento la Quinta,https://www.instagram.com/establecimientolaquinta/,,,,,,Productor,Abastecedor,Retiro y Entrega,Sin agroquímicos,"Verduras, Frutas",,
Argentina,Santa Fé,,Santa Fé Capital,Tierra Noble,https://www.instagram.com/tierranoble.ok/,,https://linktr.ee/Tierranoble.sf,,,,Abastecedor,,Retiro y Entrega,"Sin agroquímicos, Agroecológico","Verduras, Frutas, Elaborados",,
Argentina,Santa Fé,,Santa Fé Capital,Cosecha Agroecológica,https://www.instagram.com/cosecha_agroecologica/,,,,,Puesto N°22 en la plaza Pueyrredón. Sábados 8 a 13hs,Abastecedor,,Solo Retiro,"Sin agroquímicos, Agroecológico, Sustentable","Verduras, Frutas, Elaborados",,
Argentina,Santa Fé,,Santa fé Capital y la costa,Amma 100 Agroecología,https://www.instagram.com/amma100agroecologica/?hl=es-la,,,,3425008482/3498400808,,Abastecedor,Productor,Retiro y Entrega,"Sin agroquímicos, Agroecológico, Sustentable","Verduras, Frutas, Elaborados",,
Argentina,Tucumán,,Yerba Buena,Mercadito Agroecológico Tucuman,https://www.instagram.com/mercaditoagroecologicotuc/,,,,,,Abastecedor,,Solo Retiro,"Sin agroquímicos, Agroecológico, Sustentable","Verduras, Frutas, Elaborados",,